link_preference_key,hub_applicant_key,hub_course_key,load_date,record_source
b'\n\xac\xcf}\x80F\x9ep\xe1%\x86\x18+\xfeCQ\xc59\x94_',b'O{\xb0\xa1r\xbb$\x8a\xdd\xf0\x07\xf3\x05\xaf\xa8\xf1\x11h\xf3Q',b'\xe9=\xcd\xb7x<\xd66\xc3P\xf4~\xd0\x0b\x902\x82[E\xe8',2026-05-13 17:30:52.813,staging.preferences
b'\x12\xb7\x15\xc3\x85D\x18\xc2g\xd0eHj\xa3\xf5\xd0I\x88t\x85',b'P\xee\xae\xd4\xf1\xa7\xda\xd9\x0e\xc6\xf1\xa6\x94\x9a\xac\x1f?b\x90.',b'\xd8\x07\xf8\xfd\x81vC\xf3\xc5\x10\xbc\xbbA\xbc\xb1\x8b\x1a\xc7K\x97',2026-05-13 17:30:52.813,staging.preferences
b'\x16\x82\xba{\xcdtpjT\xcalL\xeb\xb0d\xc2+\xcb*1',b'1D\x8a\xba\x87N\xe7\x89\x8a\xf0Y#\xea\x9e\rj\x0c\xbcFq',b'<\x81\x16\xd0\xf5\xc7\x9b\xed\tz8\xac\xa4?=b\x1b)\x92w',2026-05-13 17:30:52.813,staging.preferences
b'\x18I<\x88\x0f\x81\xcd\xa3<\x93\xebi\x813a\x99\xe8\xae=\x02',b'P\xee\xae\xd4\xf1\xa7\xda\xd9\x0e\xc6\xf1\xa6\x94\x9a\xac\x1f?b\x90.',b'f\x02(\x1a\xf9\xa7\xb3x\xcd=P\xc3F\x10\x9a\xc5??J\xee',2026-05-13 17:30:52.813,staging.preferences
"b' \xc8\x05?\x81V\x9b?\x91\x80\x15a\x0b\xab""\xda\x0c\xf0%\xb9'",b'/]\xa0\xac\xcb\x16\x00\x97:=1.\xab\x14R\x88\xd7R\n\r',b'4\x91$\xe6\x99M:M\x175\xf9AW\xb2\xcf~[BPK',2026-05-13 17:30:52.813,staging.preferences
b'D\x97\xb1i\xd6t\xdeW\x9c\xfd\xcda\xb6\tV\xf4\xe7\xbe\x17M',b'P\xee\xae\xd4\xf1\xa7\xda\xd9\x0e\xc6\xf1\xa6\x94\x9a\xac\x1f?b\x90.',b'\x8e\xee\xca`\xc70\xd7\x94\xdc@\xab\x0eX^\xc6rC\xb9\x0c\xd4',2026-05-13 17:30:52.813,staging.preferences
b'd@kd\x83\xbc\x1c\x99\xd0\xe6\xb7\x1c1 \x00\x9fb\x84\x9dG',b'39\xba\x94\x85\x88\x9e\x01\x87\xab9E\xa9\xd9\xc3\xd5\xf5\xac\x0cW',b'\x8ezh\xbf!\x0c\xb0\xe3bu\x0fQ\x08\xa3\x1c\xcdt\t\x87\x19',2026-05-13 17:30:52.813,staging.preferences
b'ne\x10\xfe\xa2\xf37\xac\x89\xf0\xc5\\\x93#\xe2b\xcb\xc9\xf4Z',b'\xc1Z\x17\xd2\xc1\xd4:\x03Z\xbfLf\x8e\xcf7%\xa6\xd4m\xdb',b'\x8au\x16;\x8f\xc8\xe2\xf1O\x7f\xccSO3\xa4\xca\xefJ\xed\x9c',2026-05-13 17:30:52.813,staging.preferences
b'z\xaeE\xcd#\x11XO\x13T*\xf7\xb1K\x9c\x8c\xa8\tOl',b'?\xc3$\xa1\xb6|\x0c\xcfB7\x04\xdf@\xd9?\xc3\x87~*\t',b'\xd8\x07\xf8\xfd\x81vC\xf3\xc5\x10\xbc\xbbA\xbc\xb1\x8b\x1a\xc7K\x97',2026-05-13 17:30:52.813,staging.preferences
b'\x91\xd9\xa9\xc8\xb2i~\x18u~\x93\x0f\x80\xa6\xdcH<F<\xf5',b'\xc0\xa1\xfc\x17\xa7\xfb\x94\xd5\xbeCE\x19\xd8>\xd0Zl]U\xb5',b'\x8au\x16;\x8f\xc8\xe2\xf1O\x7f\xccSO3\xa4\xca\xefJ\xed\x9c',2026-05-13 17:30:52.813,staging.preferences
b'\x9a\x0cmG\n\xef\x97\xd4\x1e\xde\xb5VM\xe9\xa2jt\xa59\x15',b'\xfe\xf2\x1d^Zn\x97\xc1\xedB\x0e\xf6\x7fd12\xbcP\x12r',b'g\xd9x\x07Y\x10\x7f`\x95u\x82\xfc\x9b\xa3\x9b?\xfd.S\xd5',2026-05-13 17:30:52.813,staging.preferences
b'\xa8\xbf\xeeA\x08-\xbc\x15\x01T37\x13\xb9\xe9\xf4N{\xf8\xc1',b'~\xc3eBf95\xb2\xf7p\xe74F)*c\xbe{9\xe0',b'g\xd9x\x07Y\x10\x7f`\x95u\x82\xfc\x9b\xa3\x9b?\xfd.S\xd5',2026-05-13 17:30:52.813,staging.preferences
"b""\xc5'M=:\xdf\xa4\xe5F\xb8\xef\x8f\xcd\x1a%7\x90\x1a,^""","b'4e\xc5o|\x02\xf6\xa6\xeaa,2\xa8\xd6\x18S\xa8\x04~\x18'",b']\x07\xb3t\xd3\x98\xd7\xaf\xd0\xf08\xdf\xe7\x9d\x03\x1f\x83\x04\x06\xa5',2026-05-13 17:30:52.813,staging.preferences
b'\xca\xed\nk)yh\xee\xb5kaKn30\xe7{\xac\xed\xa0',b'P\xae(k\x07\xf4\x8b\xbdR\xe3\x85]\xbc\xe4@Zw\x05\x9b\x96',b'u\x92\x1b\xa7r\x95|]\\\x16\xa4\xf8>/\xa9\xfcnS1\x0e',2026-05-13 17:30:52.813,staging.preferences
"b'\xcb\x8cW;\x90o\xe7! e\r\xaaM\x99 \xf7\xfa2,\xc1'",b'39\xba\x94\x85\x88\x9e\x01\x87\xab9E\xa9\xd9\xc3\xd5\xf5\xac\x0cW',b'<\x81\x16\xd0\xf5\xc7\x9b\xed\tz8\xac\xa4?=b\x1b)\x92w',2026-05-13 17:30:52.813,staging.preferences
"b'\xcej\x17H\xc7,\xeb\x9cm.I\xd7\xac\x06-\xfd\xab9\x1d\xbf'",b'\xc8\x8c\xf7\x84\xa7~\x93v\x17\xb4L\x88g~X\x80r\xc81\x9b',b'\x8ezh\xbf!\x0c\xb0\xe3bu\x0fQ\x08\xa3\x1c\xcdt\t\x87\x19',2026-05-13 17:30:52.813,staging.preferences
b'\xd9\xb2s\xa7\xc5\x8f\x899[\xec\x7fK\x8a\xfd~\xf8\x845\xd1\xef',b'\xa3\x1c\xcfU\xf4\x89\x9d\x13\x1b\x87\x1cO\x11x\xfc\xb0\xe2\xccy\xe5',b'\xed\x16yUI\x04\x91\xb0r\x12\x94\x0fa\xb7\t_\x8e\x83\xf3\xcb',2026-05-13 17:30:52.813,staging.preferences
b'\xedW\xc3\xb0\xbf\x08\x1eg\xdatI\x81\x9b\xc6\x7f\xac\xe3\x05\x9a\x11',b'\xc8\x8c\xf7\x84\xa7~\x93v\x17\xb4L\x88g~X\x80r\xc81\x9b',b'<\x81\x16\xd0\xf5\xc7\x9b\xed\tz8\xac\xa4?=b\x1b)\x92w',2026-05-13 17:30:52.813,staging.preferences
b'\xf5\x86vk\x94\x15\x0f\xdd/\xd9\xd9\xebn\xf5\xaa\x12\xe8\xa2}P',b'\xc0\xa1\xfc\x17\xa7\xfb\x94\xd5\xbeCE\x19\xd8>\xd0Zl]U\xb5',b'<\x81\x16\xd0\xf5\xc7\x9b\xed\tz8\xac\xa4?=b\x1b)\x92w',2026-05-13 17:30:52.813,staging.preferences
"b'\xfb\x1e""\x91\x82\xfc!\xab\x16\xb1{j_\x99b8 X\xf3p'",b'\xfe\xf2\x1d^Zn\x97\xc1\xedB\x0e\xf6\x7fd12\xbcP\x12r',b'f\x02(\x1a\xf9\xa7\xb3x\xcd=P\xc3F\x10\x9a\xc5??J\xee',2026-05-13 17:30:52.813,staging.preferences
b'\xfc\xa2\xc4\xde\xbd\xfd\\\xc0\r)\xdeW\xa0\x1d\x99\xf7\x83\x00\x8c\x97',b'\xeez\x7f\xae\xf4~\x15\xf8\x01G\xd1v*\x89\x8c*T>\x94W',b'\x8b~\x00\x99HQ\x8d\xd6\xf7o\xcaI0\x91=8\x1f\x12(G',2026-05-13 17:30:52.813,staging.preferences
